source,historical coverage,timestamp trustworthy,classification,identifiers,missingness,terms risk,decision
nflverse injury reports 2017-2024,final weekly report per player (Out/Doubtful/Questionable),"yes: date_modified before kickoff for >=99.7% of rows (2017-2020 need Pacific-time fix)",historical_valid,gsis_id,"report_status NA ~50% (no designation); no game-day inactives",low (CC-BY 4.0 via nflverse),IMPLEMENT (hypothesis C)
nflverse injury reports 2025,same content,no (date_modified column absent),excluded from history,gsis_id,timestamp 100% missing,low,do not use historically
nflverse injury reports 2026,same content,yes via our dated live retrievals (captured_at),prospective_only,gsis_id,depends on run time vs Friday report,low,CAPTURED every run (already)
nflverse depth charts 2025+,"daily (2025) / twice daily (2026) ESPN-sourced snapshots",yes: dt = load time,historical_valid from 2025 + prospective,"espn_id, gsis_id (1-4% missing)",low,low-medium (ESPN-sourced),CAPTURED every run; too little history to develop on yet
nflverse depth charts <=2024,weekly,none,not pregame-provable,gsis_id,-,low,REJECTED as pregame
"nfldata git history (lines, expected starting QB)",see investigation,pending verification,pending,game_id / gsis ids,pending,low (public GitHub),pending
nflverse schedule lines (current file),1999+,"none (closing values, overwritten)",closing-line benchmark only,game_id,~0%,low,REJECTED as pregame (M2 decision stands)
ESPN snapshot injuryStatus,our snapshots only (2026 W5+),captured_at only,prospective_only,espn_id,7/382 missing; stale for free agents,high (Disney terms; covered only by owner opt-in),NOT USED: nflverse injury capture gives the same information without extra ESPN dependence
Participation / routes (FTN/NGS),2016-2025,posted after the season,historical research only,gsis_id,route 42% (targeted receiver only),low (CC-BY-SA),REJECTED for prospective models (unavailable in-season)
FTN charting,2022-2026,posted within ~48h after games,lagged prospective,game/play ids,-,low (CC-BY-SA),DEFERRED (play-level; no per-player routes)
FantasyPros ECR (DynastyProcess archive),2019+ weekly,date only (Friday scrape),mostly historical_valid,FantasyPros/other ids,some weeks missing,medium (FantasyPros terms: personal single copy),NOT PURSUED without owner decision
Sleeper projections,none historically,our capture only,prospective_only,sleeper_id,-,medium (undocumented endpoint),NOT PURSUED without owner decision
"NFL.com / Yahoo / CBS projections",-,-,-,-,-,high (terms prohibit scraping),REJECTED
FFA projections,2015+ (paid),unknown,unclear,-,-,medium + cost,REJECTED (paid)
The Odds API (lines and props),"lines 2020+, props 2023+ (paid for history)",yes (snapshot timestamps),historical_valid + prospective,team/player names,-,low but PAID ($30+/mo for history),NOT PURSUED without owner decision (cost)
